antecedents	consequents	antecedent support	consequent support	support	confidence	lift	leverage	conviction	zhangs_metric
frozenset({'area_worst_Very_high'})	frozenset({'diagnosis_M'})	0.20210896309314588	0.37258347978910367	0.20210896309314588	1.0	2.6839622641509435	0.12680650232733406	inf	0.7863436123348018
frozenset({'area_worst_Very_low'})	frozenset({'diagnosis_B'})	0.20035149384885764	0.6274165202108963	0.20035149384885764	1.0	1.5938375350140055	0.07464765675915258	inf	0.4659340659340659
frozenset({'concave points_mean_Very_low'})	frozenset({'diagnosis_B'})	0.20035149384885764	0.6274165202108963	0.20035149384885764	1.0	1.5938375350140055	0.07464765675915258	inf	0.4659340659340659
frozenset({'concave points_worst_Very_high'})	frozenset({'diagnosis_M'})	0.20035149384885764	0.37258347978910367	0.20035149384885764	1.0	2.6839622641509435	0.12570383708970506	inf	0.7846153846153846
frozenset({'perimeter_worst_Very_low'})	frozenset({'diagnosis_B'})	0.20035149384885764	0.6274165202108963	0.20035149384885764	1.0	1.5938375350140055	0.07464765675915258	inf	0.4659340659340659
frozenset({'radius_worst_Very_low'})	frozenset({'diagnosis_B'})	0.20035149384885764	0.6274165202108963	0.20035149384885764	1.0	1.5938375350140055	0.07464765675915258	inf	0.4659340659340659
frozenset({'perimeter_worst_Very_high'})	frozenset({'diagnosis_M'})	0.20210896309314588	0.37258347978910367	0.20210896309314588	1.0	2.6839622641509435	0.12680650232733406	inf	0.7863436123348018
frozenset({'radius_worst_Very_high'})	frozenset({'diagnosis_M'})	0.20035149384885764	0.37258347978910367	0.20035149384885764	1.0	2.6839622641509435	0.12570383708970506	inf	0.7846153846153846
